radius,weight,pos_err_x,pos_err_y,yaw_err,vel_err_x,vel_err_y,yaw_rate_err,joint_dev_norm,pos_err_norm,yaw_err_abs,combined_dev,pos_dev_from_best,yaw_dev_from_best,joint_dev_from_best,combined_dev_from_best
0.0,0.0,-0.164480144347213,-0.0278491926790191,0.3860162191371001,-1.1214186535181054,-0.8743496209670716,-3.384117192932816,113.16624841299702,0.16682114799195322,0.3860162191371001,113.16702972902048,-0.2643377642164708,0.2239177898261157,4.558211880997263,4.571357476970728
0.0,1000.0,-0.1981376792396851,0.6518179196213725,0.1957080552745917,-0.6385451184018713,-0.7262604217092619,-1.3472541846349988,113.54910822236836,0.6812673045684948,0.1957080552745917,113.55132057743008,0.25010839236007076,0.03360962596360731,4.941071690368602,4.947511825579439
0.0,2000.0,-0.1981376792396851,0.6518179196213725,0.1957080552745917,-0.6385451184018713,-0.7262604217092619,-1.3472541846349988,113.54910822236836,0.6812673045684948,0.1957080552745917,113.55132057743008,0.25010839236007076,0.03360962596360731,4.941071690368602,4.947511825579439
0.0,3000.0,0.0186112139151382,-0.1080257121095011,0.2540671968411288,-2.0881397367951737,-0.6816221036605375,-1.9788789000412688,112.55362500343188,0.1096172055845242,0.2540671968411288,112.5539651344431,-0.32154170662389986,0.09196876753014438,3.945588471432117,3.959736823224197
0.0,4000.0,0.0186112139151382,-0.1658416434345264,-0.1620984293109844,-0.5070242309348811,-0.6816221036605375,-0.8964729321547009,118.15317303101229,0.16688267729294023,0.1620984293109844,118.15340207977549,-0.2642762349154838,0.0,9.545136499012528,9.548794306776236
0.0,5000.0,-0.1981376792396851,-0.1179079540335847,0.1957080552745917,-0.6385451184018713,-0.7262604217092619,-1.3472541846349988,118.15317303101229,0.23056631488332,0.1957080552745917,118.15356008078972,-0.20059259732510407,0.03360962596360731,9.545136499012528,9.547303168007193
0.0,6000.0,-0.1981376792396851,-0.0943885259141625,0.1957080552745917,-0.6385451184018713,-0.7262604217092619,-1.3472541846349988,113.54910822236836,0.21947148734798527,0.1957080552745917,113.54948897935111,-0.2116874248604388,0.03360962596360731,4.941071690368602,4.945718413149246
0.0,7000.0,0.4764347030873177,0.0351314190395867,-0.50766698138067,-3.8448747459866266,-0.8395417164612927,4.9326597557110405,109.3908313541948,0.4777282102928773,0.50766698138067,109.39305249589108,0.04656929808445326,0.3455685520696856,0.7827948221950436,0.8569446057704008
0.0,8000.0,-0.2689032400185933,0.0511553251569192,-0.5370065499133108,0.3197494016625701,-1.0561797317908082,3.879854922999624,119.09951510973278,0.2737258113229502,0.5370065499133108,119.10104030287854,-0.15743310088547385,0.37490812060232637,10.49147857773302,10.499355410080128
0.0,9000.0,-0.8807013692865899,-0.0115146760868297,-0.5370065499133108,0.0380601805309712,-1.377064249697593,2.4706209917776683,112.2153870179114,0.8807766400334758,0.5370065499133108,112.22012844006157,0.4496177278250517,0.37490812060232637,3.6073504859116383,3.6545437099965112
0.0,10000.0,0.0373459456852247,-0.1873589196791641,0.1386533157174225,-1.297219682520674,0.3489195928116008,-1.0406451517600983,111.47886619029022,0.19104471843646245,0.1386533157174225,111.47911611552648,-0.2401141937719616,-0.023445113593561884,2.870829658290461,2.8809490495880516
0.0,11000.0,-0.1981376792396851,-0.0240039086026263,0.1957080552745917,-0.6385451184018713,-0.7262604217092619,-1.3472541846349988,113.54910822236836,0.1995863912261845,0.1957080552745917,113.54945228606603,-0.23157252098223957,0.03360962596360731,4.941071690368602,4.946609433621531
0.0,12000.0,0.3444597080141019,0.3099780068597849,0.3398927143463948,0.8842745855501097,-0.5412843662778831,-1.5502206689260052,112.5207896360976,0.4633992395137536,0.3398927143463948,112.52225720382336,0.03224032730532955,0.1777942850354104,3.9127531040978454,3.916923167503204
0.0,13000.0,-0.0487819512146976,-0.5708355869878875,0.1089331378224587,-0.6196122340546946,-0.3399714064145368,-1.3472541846349988,115.39874969188922,0.5729161772337374,0.1089331378224587,115.40022326592768,0.14175726502531338,-0.053165291488525696,6.790713159889464,6.792400672096903
0.0,14000.0,-0.1981376792396851,-0.1384849939512761,0.1957080552745917,-0.6385451184018713,-0.7262604217092619,-1.3472541846349988,113.54910822236836,0.24173670280735882,0.1957080552745917,113.54953419706972,-0.18942220940106524,0.03360962596360731,4.941071690368602,4.944815449512128
0.0,15000.0,0.1066533818545589,0.4177595764500644,-0.1620984293109844,-0.6385451184018713,-0.7262604217092619,-1.3472541846349988,108.60803653199976,0.43115891220842406,0.1620984293109844,108.6090133149388,0.0,0.0,0.0,0.0
0.0,16000.0,-0.1981376792396851,-0.0663145073426862,0.1957080552745917,-0.6385451184018713,-0.7262604217092619,-1.3472541846349988,113.54910822236836,0.2089405509196133,0.1957080552745917,113.54946911321004,-0.22221836128881076,0.03360962596360731,4.941071690368602,4.9461803501705575
0.0,17000.0,-0.0538149872459348,-0.0663145073426862,-0.0721078664788841,-0.9295991083531336,-0.9735411311304272,-0.433423349881278,114.6344736188719,0.08540296678911867,0.0721078664788841,114.634528110369,-0.3457559454193054,-0.08999056283210029,6.026437086872136,6.037018257154731
0.0,18000.0,-0.1115487796246923,0.0962896488352369,0.217005340422574,0.1440561495030783,-0.1220522375798431,-1.6473926289875354,111.79461918581023,0.14735951516129323,0.217005340422574,111.7949269199851,-0.28379939704713086,0.0549069111115896,3.1865826538104756,3.199666525783264
0.0,19000.0,-0.1981376792396851,0.6518179196213725,0.1957080552745917,-0.6385451184018713,-0.7262604217092619,-1.3472541846349988,113.54910822236836,0.6812673045684948,0.1957080552745917,113.55132057743008,0.25010839236007076,0.03360962596360731,4.941071690368602,4.947511825579439
0.0,20000.0,-0.1981376792396851,0.6518179196213725,0.1957080552745917,-0.6385451184018713,-0.7262604217092619,-1.3472541846349988,113.54910822236836,0.6812673045684948,0.1957080552745917,113.55132057743008,0.25010839236007076,0.03360962596360731,4.941071690368602,4.947511825579439
0.375,0.0,0.3323534776356506,-0.1437398839543876,-0.0549344082510558,-0.6385451184018713,-0.7262604217092619,-0.8964729321547009,113.16624841299702,0.36210494105401503,0.0549344082510558,113.16684106950099,-0.06905397115440903,-0.10716402105992859,4.558211880997263,4.559994312541029
0.375,1000.0,-0.0398405592746822,-0.0278491926790191,-0.9891596805477412,0.1213386759037344,-0.7793078078656478,-0.0753713189559333,113.35767831768268,0.04860913181895555,0.9891596805477412,113.3620043634398,-0.3825497803894685,0.8270612512367568,4.749641785682925,4.836266301608982
0.375,2000.0,-0.0982923324645027,0.1847157588477152,-0.4386623094155695,-0.6385451184018713,-0.6866451919776958,1.9733947127011708,113.54910822236836,0.20923980067855066,0.4386623094155695,113.55014832227658,-0.2219191115298734,0.2765638801045851,4.941071690368602,4.953778872860874
0.375,3000.0,0.4876092122545081,-0.1080257121095011,-0.2329250298293497,-0.9566406119131255,-0.6763577350270131,-0.4246581289035784,113.83701000413608,0.4994319757006221,0.2329250298293497,113.83834386115097,0.06827306349219803,0.07082660051836531,5.2289734721363175,5.229898774435786
0.375,4000.0,0.4560684685648172,-0.1179079540335847,-0.2329250298293497,-1.0764209974809371,-0.2011049275369495,1.301649771420725,114.19042123819897,0.4710634072430627,0.2329250298293497,114.19163041729672,0.039904495034638665,0.07082660051836531,5.582384706199207,5.582976606083153
0.375,5000.0,0.2558643822493767,-0.1463580079645452,-0.2965983747418033,-1.6213173191835994,-0.7039412626848998,0.2112710595129447,114.06353487968356,0.2947664305839541,0.2965983747418033,114.06430137029415,-0.13639248162446999,0.1344999454308189,5.4554983476838,5.458860262540639
0.375,6000.0,0.4764347030873177,-0.0943885259141625,-0.5177063459345188,-1.9572503516486344,-0.8395417164612927,1.7733357581848503,113.96212878444274,0.4856945749441197,0.5177063459345188,113.96433966887477,0.054535662735695656,0.3556079166235344,5.354092252442982,5.3661657611879
0.375,7000.0,0.6163712270566636,0.0351314190395867,-0.8889707756765137,0.5637370267094708,-0.7829010690852773,-0.8165077498496762,113.96212878444274,0.6173716110634438,0.8889707756765137,113.96726816866352,0.1862126988550198,0.7268723463655293,5.354092252442982,5.40641493272536
0.375,8000.0,0.6135272325358215,0.0153853752745369,-0.5370065499133108,-1.4741088347163749,0.3685011928313966,3.879854922999624,109.3429538896104,0.613720111154427,0.5370065499133108,109.34599486819327,0.18256119894600298,0.37490812060232637,0.7349173576106409,0.8449782321288385
0.375,9000.0,0.0425280805893306,-0.1176698007888748,-0.7275387920927598,-1.9798076211922544,-1.4997867555885218,2.4706209917776683,114.12302327710192,0.12511922176990264,0.7275387920927598,114.12541088390265,-0.3060396904385214,0.5654403627817755,5.5149867451021635,5.552338416796931
0.375,10000.0,0.5979285168057942,-0.0240039086026263,-0.7086448066563982,-0.9678824004612728,-0.6222585022549818,-1.126977364777331,113.648003576536,0.5984101426595142,0.7086448066563982,113.65178832333953,0.16725123045109014,0.5465463773454138,5.03996704453624,5.072273033531236
0.375,11000.0,0.3444597080141019,-0.1226722185423436,-0.4116416984791966,-0.5727846746683762,-0.6337723939935724,-0.9685590419573996,113.8562084084792,0.3656514236910077,0.4116416984791966,113.85753968449619,-0.06550748851741633,0.24954326916821223,5.2481718764794465,5.254509598364895
0.375,12000.0,0.5986481909041599,0.0261385827350991,-0.6440662239337476,-0.629078676228283,-0.3276924247065977,-1.316068882722363,113.5593994008766,0.5992185594423983,0.6440662239337476,113.5628067479428,0.16805964723397426,0.4819677946227632,4.951362868876842,4.977602963211735
0.375,13000.0,0.393712261316432,-0.1168005562851736,-0.8427518093301494,-0.629078676228283,-0.5203381610348937,-1.0353720441093457,113.84591722997096,0.4106722715979549,0.8427518093301494,113.84977712872427,-0.020486640610469176,0.680653380019165,5.237880697971207,5.281960141117533
0.375,14000.0,0.1454358064224707,-0.1384849939512761,-0.2740219129908054,-0.7042185832246655,-0.3520571656639785,-1.1742711560639902,113.54910822236836,0.20082247717683233,0.2740219129908054,113.5496164492477,-0.23033643503159174,0.11192348367982102,4.941071690368602,4.9477036278322215
0.375,15000.0,0.0186112139151382,-0.1658416434345264,-0.1620984293109844,-0.5070242309348811,-0.6816221036605375,-0.8964729321547009,113.54910822236836,0.16688267729294023,0.1620984293109844,113.5493465583307,-0.2642762349154838,0.0,4.941071690368602,4.948134130932906
0.375,16000.0,0.5430358399945419,-0.095672130298784,-0.3056639240279759,-0.8431575192606349,-0.9735411311304272,-1.13027296244736,116.72337299277102,0.5513992020618865,0.3056639240279759,116.72507560213458,0.12024028985346247,0.14356549471699148,8.11533646077126,8.117496821687139
0.375,17000.0,0.1716262125801315,-0.1142764487391012,-0.1157291210434656,-0.7859058745248766,-0.3421614873108248,-1.3429208725773611,113.78331836720888,0.20619084262163756,0.1157291210434656,113.7835640439631,-0.2249680695867865,-0.0463693082675188,5.17528183520912,5.180376706276126
0.375,18000.0,-0.0538149872459348,-0.0716911596005765,-0.1780836352583947,-0.6155417983846584,-0.2161374761659519,-0.9925464745575624,113.78331836720888,0.08964192778580488,0.1780836352583947,113.78349303879706,-0.3415169844226192,0.01598520594741032,5.17528183520912,5.186562585306744
0.375,19000.0,0.6214112780683273,0.3154539659254468,0.0168048129818036,-0.4446504414728442,-0.7039412626848998,-1.3472541846349988,113.54910822236836,0.6968953875070525,0.0168048129818036,113.5512480058145,0.2657364752986284,-0.1452936163291808,4.941071690368602,4.9503449938981205
0.375,20000.0,0.3110456147003759,-0.1537004340526816,-0.3560017017611181,-0.6148140975788163,-0.6816221036605375,-1.3472541846349988,113.36035850555906,0.34694840805560334,0.3560017017611181,113.3614484333999,-0.08421050415282072,0.19390327245013372,4.7523219735593045,4.757021550135247
0.75,0.0,0.0186112139151382,-0.1658416434345264,-0.1620984293109844,-0.5070242309348811,-0.6816221036605375,-0.8964729321547009,113.54910822236836,0.16688267729294023,0.1620984293109844,113.5493465583307,-0.2642762349154838,0.0,4.941071690368602,4.948134130932906
0.75,1000.0,0.4476976203554463,-0.8020977909698251,-0.0549344082510558,-0.833463587201436,-0.8554865360962115,1.1869884713095795,110.8816623582854,0.9185826177054531,0.0549344082510558,110.88548083113301,0.48742370549702907,-0.10716402105992859,2.273625826285638,2.3277543672052765
0.75,2000.0,0.3185970898960653,-0.2651541942749882,-0.3459785893563132,0.1201427951251159,-0.8323551940220337,0.2439659055295155,114.22762045851135,0.4145007266964193,0.3459785893563132,114.22889646516964,-0.016658185512004764,0.1838801600453288,5.619583926511595,5.62261619848895
0.75,3000.0,0.2815931145898032,-0.2144604238191976,-0.2896866569003218,-0.0780690969533108,-0.6710933663934887,-0.1380686599403757,114.1249117859038,0.35396038700551774,0.2896866569003218,114.12582834948047,-0.07719852520290632,0.1275882275893374,5.516875253904047,5.518890371737034
0.75,4000.0,0.2546518765701251,-0.1697404398041182,-0.1761634027583776,-0.6783647466586904,-0.4049729303538794,-1.0973812413773605,114.36192149795907,0.3060382249745638,0.1761634027583776,114.36246666474526,-0.12512068723386027,0.014064973447393214,5.753884965959315,5.755262392918726
0.75,5000.0,0.2606620470229243,-0.1906394471165067,-0.2944044023376309,-0.1196907789199741,-0.4829786972764529,-0.0701418516783909,114.25593069049408,0.32293668350787985,0.2944044023376309,114.25676636420559,-0.10822222870054421,0.13230597302664648,5.647894158494324,5.650480098791407
0.75,6000.0,0.173197096411211,-0.1710325355703403,-0.1703962219585348,-1.9640106480124653,-1.402668281834149,-1.010566698611198,113.87113906887308,0.24341191924163047,0.1703962219585348,113.87152671795316,-0.1877469929667936,0.0082977926475504,5.263102536873319,5.266456693107165
0.75,7000.0,0.2796981654833121,-0.1762234277061543,-0.1691730869368792,-0.7274836560308984,-0.5390607028004193,-0.943886839418938,114.0531185000124,0.33058396852726607,0.1691730869368792,114.05372306449037,-0.10057494368115799,0.00707465762589482,5.445081968012644,5.4460153331085515
0.75,8000.0,0.2040754899020187,-0.1333169670887986,-0.2292078262022396,-0.3440153193933075,-0.3658625275983671,-0.6891286602804143,114.93910094372298,0.2437626289907966,0.2292078262022396,114.93958796775907,-0.18739628321762747,0.0671093968912552,6.331064411723219,6.3341927365295065
0.75,9000.0,0.184468341854018,-0.1145325742955909,-0.272328175282218,-0.2759690921724786,-0.3055300554627056,-0.4630438753253938,113.7263165736872,0.21713194081282905,0.272328175282218,113.72684990947957,-0.214026971395595,0.11022974597123358,5.118280041687441,5.123938790278203
0.75,10000.0,0.427047465972654,-0.166110410194103,-0.1227146747322822,-1.518687626905318,-0.938319003727198,-1.213309577794563,114.51972998051662,0.4582163316257052,0.1227146747322822,114.5207124318933,0.027057419417281126,-0.03938375457870219,5.911693448516857,5.911886552810986
0.75,11000.0,0.2851352727815792,-0.2095486018458625,-0.2460704340096509,-0.4083137055156101,-0.5182565828007019,-0.4288687706911038,113.56969057938484,0.3538541229373785,0.2460704340096509,113.57050841523969,-0.07730478927104556,0.0839720046986665,4.961654047385082,4.962966674676561
0.75,12000.0,0.1688442712882648,-0.10316540024746,-0.2027291411952174,-0.5070242309348811,-0.3154134429986587,-0.8964729321547009,114.14272623757356,0.1978673488857719,0.2027291411952174,114.14307777319704,-0.23329156332265216,0.040630711884233006,5.534689705573797,5.539753238660573
0.75,13000.0,0.1369285983623754,-0.0787795059030991,-0.1757064630517675,-0.8485935616805969,-0.1844411832471579,-1.2848835808097272,113.53703046998916,0.15797357880297938,0.1757064630517675,113.5372763296531,-0.2731853334054447,0.013608033740783093,4.928993937989404,4.936577422233588
0.75,14000.0,0.2528763670169295,-0.1734864691517676,-0.227570023649914,-0.4686580232644457,-0.4993919557919044,-0.7119321767742008,114.4263908293018,0.30666596155169884,0.227570023649914,114.42702805870543,-0.12449295065672522,0.0654715943389296,5.818354297302037,5.820054274090713
0.75,15000.0,0.2530659709311343,-0.1798834605850943,-0.1100570210198035,-0.7698920480474596,-0.3641429249134202,-1.7033412967435395,113.89107363461628,0.31048421060560694,0.1100570210198035,113.89155002298676,-0.12067470160281712,-0.052041408291180896,5.283037102616518,5.2846713918092005
0.75,16000.0,0.2469247252246195,-0.1658416434345264,-0.1593503756080472,-0.91642299047381,-0.3741002598695888,-1.3385875605197235,112.52215955228806,0.297447929265474,0.1593503756080472,112.52266553065387,-0.13371098294295009,-0.002748053702937181,3.914123020288301,3.9164071796366544
0.75,17000.0,0.1373842092554131,-0.0770678118584669,-0.2058564511010505,-0.5925384783674454,-0.105938470006684,-0.9219583643749965,112.45288254876904,0.15752418410322644,0.2058564511010505,112.45318129903787,-0.2736347281051976,0.043758021790066104,3.8448460167692815,3.8548192722309036
0.75,18000.0,0.1799063524685394,-0.1047717888225427,-0.1940688412058051,-0.6553887585759433,-0.3102227147520608,-1.0631345847401283,114.01752851204944,0.20819083407203548,0.1940688412058051,114.01788374695667,-0.22296807813638858,0.031970411894820694,5.40949198004968,5.414179564193116
0.75,19000.0,0.0186112139151382,-0.1658416434345264,-0.1620984293109844,-0.5070242309348811,-0.6816221036605375,-0.8964729321547009,113.54910822236836,0.16688267729294023,0.1620984293109844,113.5493465583307,-0.2642762349154838,0.0,4.941071690368602,4.948134130932906
0.75,20000.0,0.0231120357672619,-0.1406891087587485,-0.1785662990589402,-0.6148140975788163,-0.4660369393826929,-1.1681282079532649,113.65754942371302,0.14257486286382376,0.1785662990589402,113.65777912012204,-0.2885840493446003,0.016467869747955804,5.049512891713263,5.05777939295978
1.125,0.0,-0.155150047299274,-0.937574140460746,-0.1603778497119972,-0.5070242309348811,-0.8554865360962115,-0.4041295746123045,112.08151277586435,0.9503245793083928,0.1603778497119972,112.08565628119845,0.5191656670999687,-0.001720579598987193,3.473476243864596,3.512061099551261
1.125,1000.0,0.0391465382643997,-0.4289041709803475,-0.1332097370092992,1.263461219074511,-1.2457515381055129,-0.8019152703998622,114.24338904892382,0.4306869389039158,0.1332097370092992,114.24427853270002,-0.00047197330450826636,-0.028888692301685198,5.635352516924058,5.635426582726814
1.125,2000.0,-0.3223469524020209,-0.3734023529700456,-0.1044222953929221,-1.0680977650470247,-1.6622103867175788,0.2079851830273485,113.15049112447883,0.49329187599882207,0.1044222953929221,113.15161458238882,0.06213296379039801,-0.0576761339180623,4.542454592479075,4.543245620296943
1.125,3000.0,0.0162227950940901,-0.2629496139149452,-0.1728100051355764,-0.618999540783741,-0.4676570640097347,0.5843737546239618,113.03400911423287,0.2634495749449666,0.1728100051355764,113.03444822448108,-0.16770933726345744,0.010711575824592007,4.425972582233115,4.429161823453876
1.125,4000.0,0.0449332059094024,-0.2916065089502333,-0.1728100051355764,-0.1656754639755564,-0.5303411976655901,-0.1147537317273783,113.83701000413608,0.2950480453340426,0.1728100051355764,113.83752352949666,-0.13611086687438145,0.010711575824592007,5.2289734721363175,5.230755631669604
1.125,5000.0,0.0186112139151382,-0.1658416434345264,-0.1620984293109844,-0.5070242309348811,-0.6816221036605375,-0.8964729321547009,113.54910822236836,0.16688267729294023,0.1620984293109844,113.5493465583307,-0.2642762349154838,0.0,4.941071690368602,4.948134130932906
1.125,6000.0,-0.0598760274571679,-0.1834314374113305,-0.2146234539419174,0.967380044024624,-0.5110197000384361,-0.4737580816318429,114.15452459525324,0.1929565518318525,0.2146234539419174,114.15488943109774,-0.23820236037657155,0.052525024630933004,5.546488063253477,5.55184915847997
1.125,7000.0,-0.008431923909591,-0.1897179362194923,-0.1976622723842966,1.033576170361127,-0.4995388048106546,-0.6635186857335984,112.66376481343728,0.1899052202131381,0.1976622723842966,112.6640982580702,-0.24125369199528596,0.0355638430733122,4.055728281437524,4.063053042194708
1.125,8000.0,-0.0859983377246031,-0.1822381399517655,-0.1317779864190844,-0.0602387261595609,-0.4129397172096286,-0.7224265604610662,112.87424837523749,0.2015104308577453,0.1317779864190844,112.87450517351671,-0.22964848135067875,-0.0303204428919,4.266211843237727,4.272495903523569
1.125,9000.0,0.0121900162672689,-0.577094133156983,-0.090654147650377,0.6265783335770365,-0.4129397172096286,-1.4306189636401565,113.93812632909328,0.5772228642567842,0.090654147650377,113.93962452015508,0.1460639520483601,-0.07144428166060739,5.330089797093521,5.332569381503671
1.125,10000.0,0.0457583770309663,-0.2799515245673638,-0.193703019217831,0.2961823420288318,-0.269846737966728,-0.3206930257620395,114.16931152625553,0.2836665034439198,0.193703019217831,114.16982824688847,-0.14749240876450426,0.031604589906846614,5.561274994255768,5.563320269630433
1.125,11000.0,0.0315479943420998,-0.4326709087112436,-0.0621496979785511,1.1280121246812933,-1.0714329854236295,-1.4606885156752525,112.42581248683128,0.4338195375867971,0.0621496979785511,112.42666665564848,0.002660625378373027,-0.09994873133243329,3.817775954831518,3.8190849779904186
1.125,12000.0,0.0425269674184894,-0.2811360804636897,-0.1892178021234924,0.4529840423766367,-1.2314316161028187,-2.669185120297036,111.71520347179349,0.2843343783229518,0.1892178021234924,111.71572555446058,-0.14682453388547229,0.027119372812508008,3.1071669397937285,3.110752207405719
1.125,13000.0,-0.2497237937590679,-0.2528790433733721,-0.3505211749902424,0.1780636253365422,0.8969217681575478,-0.9328106539822808,112.73060001034342,0.3554008775268475,0.3505211749902424,112.73170518345717,-0.07575803468157655,0.18842274567925799,4.122563478343665,4.12756248212927
1.125,14000.0,0.029455198736345,-0.4854250206350585,-0.0702957040129281,0.8112098314496623,-0.2537875482279162,-1.510191070088335,111.35709527054316,0.4863178583921678,0.0702957040129281,111.3581793746567,0.05515894618374373,-0.09180272529805629,2.749058738543397,2.7511441615586167
1.125,15000.0,0.0309710269652171,-0.1462649172073149,-0.1229513355205345,-0.4459577884447374,-0.1990549441081094,-0.711371866812287,113.72278795948284,0.14950796138314137,0.1229513355205345,113.72295270058248,-0.2816509508252827,-0.039147093790449894,5.114751427483085,5.122649892193813
1.125,16000.0,0.037033399458679,-0.2164960423558635,-0.1607244024595158,-0.0384189653891458,-0.6330174687541352,-0.9092156482648488,112.28916159805608,0.219640636110939,0.1607244024595158,112.28949143502668,-0.21151827609748505,-0.0013740268514685905,3.6811250660563246,3.6871972582194763
1.125,17000.0,0.0186112139151382,-0.1658416434345264,-0.1620984293109844,-0.5070242309348811,-0.6816221036605375,-0.8964729321547009,113.54910822236836,0.16688267729294023,0.1620984293109844,113.5493465583307,-0.2642762349154838,0.0,4.941071690368602,4.948134130932906
1.125,18000.0,0.0440644981404375,-0.3772531463491722,-0.1620984293109844,0.4963548373988828,-1.0716653200654915,-0.9092156482648488,109.34888485883872,0.37981787270574635,0.1620984293109844,109.34966464232426,-0.05134103950267771,0.0,0.7408483268389574,0.7426251717503913
1.125,19000.0,0.009927145878776,-0.5833560088662979,-0.0851203883075886,0.4425339109353468,-1.4747058124853811,-1.3164847252349157,114.13034106383252,0.5834404693760236,0.0851203883075886,114.13186408540145,0.1522815571675995,-0.0769780410033958,5.522304531832759,5.524940057027835
1.125,20000.0,0.0231120357672619,-0.1025152592739868,-0.1204288397681905,-0.6409575953019557,-0.1349992603564388,-0.8578961241876474,114.24315361561564,0.10508827042691268,0.1204288397681905,114.24326542379285,-0.32607064178151135,-0.0416695895427939,5.6351170836158815,5.644696888601197
1.5,0.0,-0.1420848175302391,-0.4350053674552998,-0.1603778497119972,1.4146635031144656,-1.8444898662718383,-0.4041295746123045,111.57773750002607,0.4576218581837211,0.1603778497119972,111.57879119458362,0.026462945975297025,-0.001720579598987193,2.9697009680263164,2.9698193694903887
1.5,1000.0,-0.1420848175302391,-0.4350053674552998,-0.2831812139309493,1.263461219074511,-1.8444898662718383,0.8010769904967383,112.99583861411848,0.4576218581837211,0.2831812139309493,112.99712011141222,0.026462945975297025,0.12108278461996491,4.387802082118725,4.389552191293143
1.5,2000.0,-0.0498911789536153,-0.2607450335549022,-0.2045482876550899,0.4161079672767682,-0.1375872740014837,0.1720044605251816,112.97518825222136,0.26547523850809274,0.2045482876550899,112.97568533861212,-0.16568367370033132,0.0424498583441055,4.3671517202215995,4.370499653087591
1.5,3000.0,-0.0903168785924177,-0.3179005349597438,-0.1694566075127754,0.9242420288520784,-0.3736629624132677,-0.0597402049095125,113.26697313472478,0.3304812985425481,0.1694566075127754,113.26758201945066,-0.10067761366587596,0.007358178201790994,4.658936602725021,4.660030084977013
1.5,4000.0,-0.0553778243522129,-0.2260951994022104,-0.1690578192972891,-0.3233067985811035,-0.3395501434568004,-0.0914388035143809,113.40204848360692,0.2327783121828789,0.1690578192972891,113.40241340715471,-0.19838060002554517,0.006959389986304715,4.79401195160716,4.798119828404432
1.5,5000.0,-0.0158966090816434,-0.0769886817128422,-0.1620984293109844,-0.3233067985811035,-0.0897111436505485,-0.6040748350201901,115.44026017115704,0.07861271711482762,0.1620984293109844,115.44040074533916,-0.3525461950935964,0.0,6.832223639157277,6.8413133735514915
1.5,6000.0,-0.0380211344683512,-0.1709770123477294,-0.1482715008665653,0.3046415551207144,-0.25844740940099,-0.6635186857335984,114.87708033494717,0.1751534910232053,0.1482715008665653,114.8773095500817,-0.25600542118521874,-0.013826928444419101,6.269043802947408,6.274284035880088
1.5,7000.0,-0.0451261493376031,-0.191183020241608,-0.0943828859012896,-0.005414359846418,-0.2111765975089653,-0.7545237048169582,115.06457470880876,0.19643654594484894,0.0943828859012896,115.0647810946719,-0.23472236626357512,-0.0677155434096948,6.456538176809005,6.4611581943669965
1.5,8000.0,-0.0442023510729427,-0.1882528521973767,-0.0943828859012896,0.3229533764741328,-0.46001690682089,-0.6903294161051744,114.14993608449936,0.19337265629044617,0.0943828859012896,114.15013889263841,-0.2377862559179779,-0.0677155434096948,5.541899552499601,5.547411860346952
1.5,9000.0,-0.030631324042343,-0.1373727779103966,-0.0801220335934855,-0.1150630924727038,-0.1056477564175784,-0.6903294161051744,113.24023908737772,0.14074643200950482,0.0801220335934855,113.2403548990591,-0.29041248019891924,-0.08197639571749889,4.632202555377958,4.642021117160089
1.5,10000.0,0.0121900162672689,-0.4679983250983036,-0.090654147650377,-0.0323173019477009,-0.9418234390477298,-2.2445143802388783,113.0578066427196,0.46815705568902166,0.090654147650377,113.05881227071974,0.0369981434805976,-0.07144428166060739,4.4497701107198395,4.450497408858774
1.5,11000.0,0.0315479943420998,-0.2811360804636897,0.0398598066450279,1.1516896562015182,-0.9418234390477298,1.2690537124994223,113.2774652048201,0.28290063924546965,0.0398598066450279,113.27782547703279,-0.1482582729629544,-0.1222386226659565,4.669428672820345,4.673380674300993
1.5,12000.0,-0.0743988350388931,-0.2246220062830544,0.0398598066450279,-0.0968567917035523,1.2209101417132433,-0.9691483758098608,112.73060001034342,0.23662255252145548,0.0398598066450279,112.73085539340411,-0.19453635968696859,-0.1222386226659565,4.122563478343665,4.128960681465076
1.5,13000.0,-0.0743988350388931,-0.9306982403634502,-0.1548953079458681,0.8112098314496623,0.4714242003510797,4.1974525491724455,115.07359054127706,0.933667179069055,0.1548953079458681,115.07748244995275,0.502508266860631,-0.007203121365116305,6.465554009277298,6.485056290434372
1.5,14000.0,-0.6490994871167785,-0.9675112254930828,-0.1548953079458681,1.460790961256818,0.4714242003510797,1.5611821542362545,112.73060001034342,1.1650785877486514,0.1548953079458681,112.73672684340313,0.7339196755402273,-0.007203121365116305,4.122563478343665,4.18738816066477
1.5,15000.0,0.029455198736345,-0.688724737047136,-0.1620984293109844,-0.0384189653891458,-0.3085201523477231,-0.785663284409352,111.68791380528047,0.6893543153946627,0.1620984293109844,111.69015881199515,0.2581954031862387,0.0,3.079877273280715,3.09068097426725
1.5,16000.0,0.0186112139151382,-0.4447959760315829,-0.1620984293109844,-0.7016218301346475,-0.7234445055952685,-0.785663284409352,112.89573087804104,0.44518517223430015,0.1620984293109844,112.89672500221354,0.014026260025876092,0.0,4.2876943460412775,4.287717287910276
1.5,17000.0,0.0186112139151382,-0.7984033266999588,-0.1945130172863116,-0.0030963188706589,-0.6816221036605375,-3.236454625069876,112.89573087804104,0.7986202159781308,0.1945130172863116,112.8987231108055,0.36746130376970676,0.0324145879753272,4.2876943460412775,4.3035335853640175
1.5,18000.0,0.009927145878776,-0.7504481862147927,-0.1595187948536356,0.1007057931260173,-1.3110926665095644,-1.3164847252349157,118.38346796662756,0.7505138429225477,0.1595187948536356,118.38595442483819,0.3193549307141237,-0.002579634457348795,9.775431434627805,9.780646909044144
1.5,19000.0,0.009927145878776,-0.6279315514790929,-0.0808266186803345,0.3391883680791627,-1.7457760542048602,-1.669323253032554,116.64042663879006,0.6280100170922747,0.0808266186803345,116.64214528206699,0.1968511048838506,-0.0812718106306499,8.032390106790302,8.035212896517423
1.5,20000.0,0.009927145878776,-0.5833560088662979,-0.0851203883075886,0.3391883680791627,-0.6816221036605375,-1.179037256861765,114.84208186332994,0.5834404693760236,0.0851203883075886,114.84359544600468,0.1522815571675995,-0.0769780410033958,6.234045331330179,6.236380078581622
