radius,weight,pos_err_x,pos_err_y,yaw_err,vel_err_x,vel_err_y,yaw_rate_err,joint_dev_norm
0.0,0.0,-0.164480144347213,-0.0278491926790191,0.3860162191371001,-1.1214186535181054,-0.8743496209670716,-3.384117192932816,113.16624841299702
0.0,1000.0,-0.1981376792396851,0.6518179196213725,0.1957080552745917,-0.6385451184018713,-0.7262604217092619,-1.3472541846349988,113.54910822236836
0.0,2000.0,-0.1981376792396851,0.6518179196213725,0.1957080552745917,-0.6385451184018713,-0.7262604217092619,-1.3472541846349988,113.54910822236836
0.0,3000.0,0.0186112139151382,-0.1080257121095011,0.2540671968411288,-2.0881397367951737,-0.6816221036605375,-1.9788789000412692,112.55362500343188
0.0,4000.0,0.0186112139151382,-0.1658416434345264,-0.1620984293109844,-0.5070242309348811,-0.6816221036605375,-0.8964729321547009,118.15317303101229
0.0,5000.0,-0.1981376792396851,-0.1179079540335847,0.1957080552745917,-0.6385451184018713,-0.7262604217092619,-1.3472541846349988,118.15317303101229
0.0,6000.0,-0.1981376792396851,-0.0943885259141625,0.1957080552745917,-0.6385451184018713,-0.7262604217092619,-1.3472541846349988,113.54910822236836
0.0,7000.0,0.4764347030873177,0.0351314190395867,-0.50766698138067,-3.8448747459866266,-0.8395417164612927,4.9326597557110405,109.3908313541948
0.0,8000.0,-0.2689032400185933,0.0511553251569192,-0.5370065499133108,0.3197494016625701,-1.0561797317908082,3.879854922999624,119.09951510973278
0.0,9000.0,-0.8807013692865899,-0.0115146760868297,-0.5370065499133108,0.0380601805309712,-1.377064249697593,2.4706209917776683,112.2153870179114
0.0,10000.0,0.0373459456852247,-0.1873589196791641,0.1386533157174225,-1.297219682520674,0.3489195928116008,-1.0406451517600983,111.47886619029022
0.0,11000.0,-0.1981376792396851,-0.0240039086026263,0.1957080552745917,-0.6385451184018713,-0.7262604217092619,-1.3472541846349988,113.54910822236836
0.0,12000.0,0.3444597080141019,0.3099780068597849,0.3398927143463948,0.8842745855501097,-0.5412843662778831,-1.5502206689260052,112.5207896360976
0.0,13000.0,-0.0487819512146976,-0.5708355869878875,0.1089331378224587,-0.6196122340546946,-0.3399714064145368,-1.3472541846349988,115.39874969188922
0.0,14000.0,-0.1981376792396851,-0.1384849939512761,0.1957080552745917,-0.6385451184018713,-0.7262604217092619,-1.3472541846349988,113.54910822236836
0.0,15000.0,0.1066533818545589,0.4177595764500644,-0.1620984293109844,-0.6385451184018713,-0.7262604217092619,-1.3472541846349988,108.60803653199976
0.0,16000.0,-0.1981376792396851,-0.0663145073426862,0.1957080552745917,-0.6385451184018713,-0.7262604217092619,-1.3472541846349988,113.54910822236836
0.0,17000.0,-0.0538149872459348,-0.0663145073426862,-0.0721078664788841,-0.9295991083531336,-0.9735411311304272,-0.433423349881278,114.6344736188719
0.0,18000.0,-0.1115487796246923,0.0962896488352369,0.217005340422574,0.1440561495030783,-0.1220522375798431,-1.6473926289875354,111.79461918581023
0.0,19000.0,-0.1981376792396851,0.6518179196213725,0.1957080552745917,-0.6385451184018713,-0.7262604217092619,-1.3472541846349988,113.54910822236836
0.0,20000.0,-0.1981376792396851,0.6518179196213725,0.1957080552745917,-0.6385451184018713,-0.7262604217092619,-1.3472541846349988,113.54910822236836
0.375,0.0,0.3323534776356506,-0.1437398839543876,-0.0549344082510558,-0.6385451184018713,-0.7262604217092619,-0.8964729321547009,113.16624841299702
0.375,1000.0,-0.03984055927468225,-0.0278491926790191,-0.9891596805477412,0.1213386759037344,-0.7793078078656478,-0.0753713189559333,113.35767831768268
0.375,2000.0,-0.0982923324645027,0.1847157588477152,-0.4386623094155695,-0.6385451184018713,-0.6866451919776958,1.9733947127011708,113.54910822236836
0.375,3000.0,0.4876092122545081,-0.1080257121095011,-0.2329250298293497,-0.9566406119131255,-0.6763577350270131,-0.4246581289035784,113.83701000413609
0.375,4000.0,0.4560684685648172,-0.1179079540335847,-0.2329250298293497,-1.0764209974809371,-0.2011049275369495,1.301649771420725,114.19042123819895
0.375,5000.0,0.2558643822493767,-0.1463580079645452,-0.2965983747418033,-1.6213173191835994,-0.7039412626848998,0.2112710595129447,114.06353487968357
0.375,6000.0,0.4764347030873177,-0.0943885259141625,-0.5177063459345188,-1.9572503516486344,-0.8395417164612927,1.7733357581848503,113.96212878444274
0.375,7000.0,0.6163712270566636,0.0351314190395867,-0.8889707756765137,0.5637370267094708,-0.7829010690852773,-0.8165077498496762,113.96212878444274
0.375,8000.0,0.6135272325358215,0.0153853752745369,-0.5370065499133108,-1.4741088347163749,0.3685011928313966,3.879854922999624,109.3429538896104
0.375,9000.0,0.0425280805893306,-0.1176698007888748,-0.7275387920927598,-1.9798076211922544,-1.4997867555885218,2.4706209917776683,114.12302327710191
0.375,10000.0,0.5979285168057942,-0.0240039086026263,-0.7086448066563982,-0.9678824004612727,-0.6222585022549818,-1.1269773647773307,113.64800357653601
0.375,11000.0,0.3444597080141019,-0.1226722185423436,-0.4116416984791966,-0.5727846746683762,-0.6337723939935724,-0.9685590419573996,113.8562084084792
0.375,12000.0,0.5986481909041599,0.0261385827350991,-0.6440662239337476,-0.629078676228283,-0.32769242470659776,-1.316068882722363,113.5593994008766
0.375,13000.0,0.393712261316432,-0.1168005562851736,-0.8427518093301494,-0.629078676228283,-0.5203381610348937,-1.0353720441093457,113.84591722997095
0.375,14000.0,0.1454358064224707,-0.1384849939512761,-0.2740219129908054,-0.7042185832246655,-0.3520571656639785,-1.1742711560639902,113.54910822236836
0.375,15000.0,0.0186112139151382,-0.1658416434345264,-0.1620984293109844,-0.5070242309348811,-0.6816221036605375,-0.8964729321547009,113.54910822236836
0.375,16000.0,0.5430358399945419,-0.09567213029878405,-0.3056639240279759,-0.8431575192606349,-0.9735411311304272,-1.13027296244736,116.72337299277102
0.375,17000.0,0.1716262125801315,-0.1142764487391012,-0.11572912104346567,-0.7859058745248766,-0.3421614873108248,-1.3429208725773611,113.78331836720889
0.375,18000.0,-0.0538149872459348,-0.07169115960057654,-0.17808363525839474,-0.6155417983846584,-0.21613747616595197,-0.9925464745575624,113.78331836720889
0.375,19000.0,0.6214112780683273,0.3154539659254468,0.016804812981803655,-0.4446504414728442,-0.7039412626848998,-1.3472541846349988,113.54910822236836
0.375,20000.0,0.3110456147003759,-0.1537004340526816,-0.3560017017611181,-0.6148140975788163,-0.6816221036605375,-1.3472541846349988,113.36035850555906
0.75,0.0,0.0186112139151382,-0.1658416434345264,-0.1620984293109844,-0.5070242309348811,-0.6816221036605375,-0.8964729321547009,113.54910822236836
0.75,1000.0,0.4476976203554463,-0.8020977909698251,-0.0549344082510558,-0.833463587201436,-0.8554865360962115,1.1869884713095795,110.8816623582854
0.75,2000.0,0.3185970898960653,-0.2651541942749882,-0.3459785893563132,0.1201427951251159,-0.8323551940220337,0.2439659055295155,114.22762045851135
0.75,3000.0,0.2815931145898032,-0.2144604238191976,-0.2896866569003218,-0.0780690969533108,-0.6710933663934887,-0.1380686599403757,114.1249117859038
0.75,4000.0,0.2546518765701251,-0.1697404398041182,-0.1761634027583776,-0.6783647466586904,-0.4049729303538794,-1.0973812413773605,114.36192149795907
0.75,5000.0,0.2606620470229243,-0.1906394471165067,-0.2944044023376309,-0.1196907789199741,-0.4829786972764529,-0.0701418516783909,114.25593069049408
0.75,6000.0,0.173197096411211,-0.17103253557034034,-0.1703962219585348,-1.9640106480124655,-1.402668281834149,-1.010566698611198,113.87113906887308
0.75,7000.0,0.2796981654833121,-0.1762234277061543,-0.1691730869368792,-0.7274836560308984,-0.5390607028004193,-0.943886839418938,114.0531185000124
0.75,8000.0,0.2040754899020187,-0.1333169670887986,-0.2292078262022396,-0.3440153193933075,-0.3658625275983671,-0.6891286602804143,114.93910094372298
0.75,9000.0,0.184468341854018,-0.1145325742955909,-0.272328175282218,-0.2759690921724786,-0.3055300554627056,-0.4630438753253938,113.7263165736872
0.75,10000.0,0.427047465972654,-0.16611041019410305,-0.1227146747322822,-1.518687626905318,-0.938319003727198,-1.213309577794563,114.51972998051662
0.75,11000.0,0.2851352727815792,-0.2095486018458625,-0.2460704340096509,-0.4083137055156101,-0.5182565828007019,-0.4288687706911038,113.56969057938484
0.75,12000.0,0.1688442712882648,-0.10316540024746,-0.2027291411952174,-0.5070242309348811,-0.3154134429986587,-0.8964729321547009,114.14272623757356
0.75,13000.0,0.1369285983623754,-0.0787795059030991,-0.1757064630517675,-0.8485935616805969,-0.1844411832471579,-1.2848835808097272,113.53703046998916
0.75,14000.0,0.2528763670169295,-0.1734864691517676,-0.227570023649914,-0.4686580232644457,-0.4993919557919044,-0.7119321767742008,114.4263908293018
0.75,15000.0,0.2530659709311343,-0.1798834605850943,-0.1100570210198035,-0.7698920480474596,-0.3641429249134202,-1.7033412967435395,113.89107363461628
0.75,16000.0,0.2469247252246195,-0.1658416434345264,-0.1593503756080472,-0.91642299047381,-0.3741002598695888,-1.3385875605197235,112.52215955228806
0.75,17000.0,0.1373842092554131,-0.0770678118584669,-0.2058564511010505,-0.5925384783674454,-0.105938470006684,-0.9219583643749965,112.45288254876904
0.75,18000.0,0.1799063524685394,-0.1047717888225427,-0.1940688412058051,-0.6553887585759433,-0.3102227147520608,-1.0631345847401283,114.01752851204944
0.75,19000.0,0.0186112139151382,-0.1658416434345264,-0.1620984293109844,-0.5070242309348811,-0.6816221036605375,-0.8964729321547009,113.54910822236836
0.75,20000.0,0.0231120357672619,-0.1406891087587485,-0.1785662990589402,-0.6148140975788163,-0.4660369393826929,-1.1681282079532649,113.65754942371302
1.125,0.0,-0.155150047299274,-0.937574140460746,-0.1603778497119972,-0.5070242309348811,-0.8554865360962115,-0.4041295746123045,112.08151277586435
1.125,1000.0,0.0391465382643997,-0.4289041709803475,-0.1332097370092992,1.263461219074511,-1.2457515381055129,-0.8019152703998622,114.24338904892382
1.125,2000.0,-0.3223469524020209,-0.37340235297004565,-0.1044222953929221,-1.0680977650470247,-1.6622103867175788,0.20798518302734853,113.15049112447883
1.125,3000.0,0.0162227950940901,-0.2629496139149452,-0.17281000513557648,-0.618999540783741,-0.4676570640097347,0.5843737546239618,113.03400911423287
1.125,4000.0,0.0449332059094024,-0.2916065089502333,-0.17281000513557648,-0.1656754639755564,-0.5303411976655901,-0.1147537317273783,113.83701000413609
1.125,5000.0,0.0186112139151382,-0.1658416434345264,-0.1620984293109844,-0.5070242309348811,-0.6816221036605375,-0.8964729321547009,113.54910822236836
1.125,6000.0,-0.0598760274571679,-0.1834314374113305,-0.2146234539419174,0.967380044024624,-0.5110197000384361,-0.4737580816318429,114.15452459525324
1.125,7000.0,-0.008431923909591,-0.18971793621949234,-0.1976622723842966,1.033576170361127,-0.49953880481065466,-0.6635186857335984,112.66376481343728
1.125,8000.0,-0.0859983377246031,-0.1822381399517655,-0.1317779864190844,-0.0602387261595609,-0.4129397172096286,-0.7224265604610662,112.87424837523749
1.125,9000.0,0.0121900162672689,-0.577094133156983,-0.090654147650377,0.6265783335770365,-0.4129397172096286,-1.4306189636401565,113.93812632909328
1.125,10000.0,0.0457583770309663,-0.2799515245673638,-0.193703019217831,0.2961823420288318,-0.269846737966728,-0.3206930257620395,114.16931152625553
1.125,11000.0,0.0315479943420998,-0.4326709087112436,-0.0621496979785511,1.1280121246812933,-1.0714329854236295,-1.4606885156752525,112.42581248683128
1.125,12000.0,0.0425269674184894,-0.2811360804636897,-0.18921780212349243,0.4529840423766367,-1.2314316161028187,-2.669185120297036,111.71520347179349
1.125,13000.0,-0.2497237937590679,-0.2528790433733721,-0.3505211749902424,0.1780636253365422,0.8969217681575478,-0.9328106539822809,112.73060001034342
1.125,14000.0,0.029455198736345,-0.4854250206350585,-0.0702957040129281,0.8112098314496623,-0.25378754822791627,-1.510191070088335,111.35709527054316
1.125,15000.0,0.0309710269652171,-0.1462649172073149,-0.1229513355205345,-0.4459577884447374,-0.1990549441081094,-0.711371866812287,113.72278795948284
1.125,16000.0,0.037033399458679,-0.2164960423558635,-0.1607244024595158,-0.0384189653891458,-0.6330174687541352,-0.9092156482648487,112.28916159805608
1.125,17000.0,0.0186112139151382,-0.1658416434345264,-0.1620984293109844,-0.5070242309348811,-0.6816221036605375,-0.8964729321547009,113.54910822236836
1.125,18000.0,0.0440644981404375,-0.3772531463491722,-0.1620984293109844,0.4963548373988828,-1.0716653200654915,-0.9092156482648487,109.34888485883872
1.125,19000.0,0.009927145878776,-0.5833560088662979,-0.0851203883075886,0.4425339109353468,-1.4747058124853811,-1.3164847252349157,114.13034106383253
1.125,20000.0,0.0231120357672619,-0.1025152592739868,-0.1204288397681905,-0.6409575953019557,-0.1349992603564388,-0.8578961241876474,114.24315361561564
1.5,0.0,-0.1420848175302391,-0.4350053674552998,-0.1603778497119972,1.4146635031144656,-1.8444898662718383,-0.4041295746123045,111.57773750002607
1.5,1000.0,-0.1420848175302391,-0.4350053674552998,-0.2831812139309493,1.263461219074511,-1.8444898662718383,0.8010769904967383,112.99583861411848
1.5,2000.0,-0.0498911789536153,-0.2607450335549022,-0.2045482876550899,0.4161079672767682,-0.1375872740014837,0.1720044605251816,112.97518825222136
1.5,3000.0,-0.0903168785924177,-0.3179005349597438,-0.1694566075127754,0.9242420288520784,-0.3736629624132677,-0.0597402049095125,113.26697313472478
1.5,4000.0,-0.0553778243522129,-0.2260951994022104,-0.1690578192972891,-0.3233067985811035,-0.3395501434568004,-0.0914388035143809,113.40204848360692
1.5,5000.0,-0.0158966090816434,-0.0769886817128422,-0.1620984293109844,-0.3233067985811035,-0.0897111436505485,-0.6040748350201901,115.44026017115704
1.5,6000.0,-0.0380211344683512,-0.1709770123477294,-0.1482715008665653,0.3046415551207144,-0.25844740940099,-0.6635186857335984,114.87708033494717
1.5,7000.0,-0.0451261493376031,-0.191183020241608,-0.0943828859012896,-0.005414359846418,-0.2111765975089653,-0.7545237048169582,115.06457470880876
1.5,8000.0,-0.0442023510729427,-0.1882528521973767,-0.0943828859012896,0.3229533764741328,-0.46001690682089,-0.6903294161051744,114.14993608449936
1.5,9000.0,-0.030631324042343,-0.1373727779103966,-0.0801220335934855,-0.1150630924727038,-0.1056477564175784,-0.6903294161051744,113.24023908737772
1.5,10000.0,0.0121900162672689,-0.4679983250983036,-0.090654147650377,-0.0323173019477009,-0.9418234390477298,-2.2445143802388783,113.0578066427196
1.5,11000.0,0.0315479943420998,-0.2811360804636897,0.0398598066450279,1.1516896562015182,-0.9418234390477298,1.2690537124994223,113.2774652048201
1.5,12000.0,-0.0743988350388931,-0.2246220062830544,0.0398598066450279,-0.0968567917035523,1.2209101417132433,-0.9691483758098608,112.73060001034342
1.5,13000.0,-0.0743988350388931,-0.9306982403634502,-0.1548953079458681,0.8112098314496623,0.4714242003510797,4.1974525491724455,115.07359054127706
1.5,14000.0,-0.6490994871167785,-0.9675112254930828,-0.1548953079458681,1.460790961256818,0.4714242003510797,1.5611821542362545,112.73060001034342
1.5,15000.0,0.029455198736345,-0.688724737047136,-0.1620984293109844,-0.0384189653891458,-0.3085201523477231,-0.785663284409352,111.68791380528047
1.5,16000.0,0.0186112139151382,-0.4447959760315829,-0.1620984293109844,-0.7016218301346475,-0.7234445055952685,-0.785663284409352,112.89573087804104
1.5,17000.0,0.0186112139151382,-0.7984033266999588,-0.1945130172863116,-0.0030963188706589,-0.6816221036605375,-3.236454625069876,112.89573087804104
1.5,18000.0,0.009927145878776,-0.7504481862147927,-0.1595187948536356,0.1007057931260173,-1.3110926665095644,-1.3164847252349157,118.38346796662756
1.5,19000.0,0.009927145878776,-0.6279315514790929,-0.0808266186803345,0.3391883680791627,-1.7457760542048602,-1.669323253032554,116.64042663879006
1.5,20000.0,0.009927145878776,-0.5833560088662979,-0.0851203883075886,0.3391883680791627,-0.6816221036605375,-1.179037256861765,114.84208186332994
